job_title,company_name,location,posted_date,job_description,job_url,job_category,experience_level,description_word_count,description_character_count,python_required,sql_required,machine_learning_required,ai_required,aws_required,java_required,javascript_required,docker_required,cloud_required
Senior Python Developer,"Payne, Roberts and Davis","Stewartbury, AA",2021-04-08,"Fake Jobs for Your Web Scraping Journey Professional asset web application environmentally friendly detail-oriented asset. Coordinate educational dashboard agile employ growth opportunity. Company programs CSS explore role. Html educational grit web application. Oversea SCRUM talented support. Web Application fast-growing communities inclusive programs job CSS. Css discussions growth opportunity explore open-minded oversee. Css Python environmentally friendly collaborate inclusive role. Django no experience oversee dashboard environmentally friendly willing to learn programs. Programs open-minded programs asset. Location: Stewartbury, AA Posted: 2021-04-08",https://realpython.github.io/fake-jobs/jobs/senior-python-developer-0.html,Software Development,Senior,78,664,1,0,0,0,0,0,0,0,0
Energy engineer,Vasquez-Davidson,"Christopherville, AA",2021-04-08,"Fake Jobs for Your Web Scraping Journey Party prevent live. Quickly candidate change although. Together type music hospital. Every speech support time operation wear often. Location: Christopherville, AA Posted: 2021-04-08",https://realpython.github.io/fake-jobs/jobs/energy-engineer-1.html,Design,Mid Level / Unspecified,30,222,0,0,0,0,0,0,0,0,0
Legal executive,"Jackson, Chambers and Levy","Port Ericaburgh, AA",2021-04-08,"Fake Jobs for Your Web Scraping Journey Administration even relate head color. Staff beyond chair recently and off. Own available buy country store build before. Already against which continue. Look road article quickly. International big employee determine positive go Congress. Level others record hospital employee toward like. Location: Port Ericaburgh, AA Posted: 2021-04-08",https://realpython.github.io/fake-jobs/jobs/legal-executive-2.html,Design,Executive,53,379,0,0,0,0,0,0,0,0,0
Fitness centre manager,Savage-Bradley,"East Seanview, AP",2021-04-08,"Fake Jobs for Your Web Scraping Journey Tv program actually race tonight themselves true power. Study economy night actually score from. Name care several. Good explain grow water plant perform resource. Security stock ball organization recognize civil. Pm her then nothing increase. Location: East Seanview, AP Posted: 2021-04-08",https://realpython.github.io/fake-jobs/jobs/fitness-centre-manager-3.html,Management & Operations,Mid Level / Unspecified,48,330,0,0,0,0,0,0,0,0,0
Product manager,Ramirez Inc,"North Jamieview, AP",2021-04-08,"Fake Jobs for Your Web Scraping Journey Traditional page a although for study anyone. Could yourself plan base rise would. Wear individual about add senior woman. Partner couple part cup few read consider. Take however ball ever laugh society technology. President stage population boy. Location: North Jamieview, AP Posted: 2021-04-08",https://realpython.github.io/fake-jobs/jobs/product-manager-4.html,Management & Operations,Senior,50,335,0,0,0,0,0,0,0,0,0
Medical technical officer,Rogers-Yates,"Davidville, AP",2021-04-08,"Fake Jobs for Your Web Scraping Journey Suffer which parent. Republican total policy head Mrs debate onto. Catch even front. Responsibility full per among clearly word. Guess writer can boy room. Film tax rock. Idea foreign increase between training. Location: Davidville, AP Posted: 2021-04-08",https://realpython.github.io/fake-jobs/jobs/medical-technical-officer-5.html,Healthcare,Mid Level / Unspecified,44,294,0,0,0,0,0,0,0,0,0
Physiological scientist,Kramer-Klein,"South Christopher, AE",2021-04-08,"Fake Jobs for Your Web Scraping Journey Friend reach choose coach north. Assume be seek article. Better news face. Location: South Christopher, AE Posted: 2021-04-08",https://realpython.github.io/fake-jobs/jobs/physiological-scientist-6.html,Other,Mid Level / Unspecified,25,165,0,0,0,0,0,0,0,0,0
Textile designer,Meyers-Johnson,"Port Jonathan, AE",2021-04-08,"Fake Jobs for Your Web Scraping Journey Court boy state table agree moment. Budget huge debate among way. Perhaps bit learn gun still. Writer work chance image. There many true follow marriage material. Myself use act relationship section. Location: Port Jonathan, AE Posted: 2021-04-08",https://realpython.github.io/fake-jobs/jobs/textile-designer-7.html,Design,Mid Level / Unspecified,44,286,0,0,0,0,0,0,0,0,0
Television floor manager,Hughes-Williams,"Osbornetown, AE",2021-04-08,"Fake Jobs for Your Web Scraping Journey At be than always different American address. Former claim chance prevent why measure too. Almost before some military outside baby interview. Face top individual win suddenly. Parent do ten after those scientist. Medical effort assume teacher wall. Significant his himself clearly very. Expert stop area along individual. Three own bank recognize special good along. Location: Osbornetown, AE Posted: 2021-04-08",https://realpython.github.io/fake-jobs/jobs/television-floor-manager-8.html,Management & Operations,Mid Level / Unspecified,66,452,0,0,0,0,0,0,0,0,0
Waste management officer,"Jones, Williams and Villa","Scotttown, AP",2021-04-08,"Fake Jobs for Your Web Scraping Journey Food record power crime situation since book art. Pass value practice wide require fast support. Son true their race special million. Although hot he couple ground. Location: Scotttown, AP Posted: 2021-04-08",https://realpython.github.io/fake-jobs/jobs/waste-management-officer-9.html,Design,Mid Level / Unspecified,38,247,0,0,0,0,0,0,0,0,0
Software Engineer (Python),Garcia PLC,"Ericberg, AE",2021-04-08,"Fake Jobs for Your Web Scraping Journey Collaborate discussions responsible tech growth opportunity dashboard. Distributed SCRUM willing to learn Flask build environmentally friendly environmentally friendly. Python distributed developer teamwork inclusive Flask. Professional environmentally friendly asset CSS no experience no experience. Grit oversea Java detail-oriented collaborate relocation. Responsible Tech support support motivated teamwork willing to learn job relocation. Environmentally Friendly collaborate role. Willing To Learn oversea asset role asset relocation web application. Agile responsible tech build oversee coordinate. Location: Ericberg, AE Posted: 2021-04-08",https://realpython.github.io/fake-jobs/jobs/software-engineer-python-10.html,Software Development,Mid Level / Unspecified,82,687,1,0,0,0,0,1,0,0,0
Interpreter,Gregory and Sons,"Ramireztown, AE",2021-04-08,"Fake Jobs for Your Web Scraping Journey Door contain head production technology. After back available inside nearly scientist central instead. Be know hard we around impact. While top kid he weight before. Someone everybody newspaper read. Up control instead company where future model. Leg PM low data ability recognize. Left despite boy without feeling participant interest seem. Location: Ramireztown, AE Posted: 2021-04-08",https://realpython.github.io/fake-jobs/jobs/interpreter-11.html,Other,Mid Level / Unspecified,62,426,0,0,0,0,0,0,0,0,0
Architect,"Clark, Garcia and Sosa","Figueroaview, AA",2021-04-08,"Fake Jobs for Your Web Scraping Journey Huge three report know second. Exist sense training other along society. Move brother teacher three seven. Increase face mind off. Location: Figueroaview, AA Posted: 2021-04-08",https://realpython.github.io/fake-jobs/jobs/architect-12.html,Other,Mid Level / Unspecified,32,216,0,0,0,0,0,0,0,0,0
Meteorologist,Bush PLC,"Kelseystad, AA",2021-04-08,"Fake Jobs for Your Web Scraping Journey Case but building husband life nice federal place. Design major maybe manage when know. Seat appear perform agent. Hospital year suffer without rather bank we. According American per yourself their record. Cell of course its respond. Collection instead today itself language remember. Firm decade cost glass work interview man. Somebody keep daughter report town. Doctor be cost. Sea quality do father. Location: Kelseystad, AA Posted: 2021-04-08",https://realpython.github.io/fake-jobs/jobs/meteorologist-13.html,Design,Mid Level / Unspecified,73,486,0,0,0,0,0,0,0,0,0
Audiological scientist,Salazar-Meyers,"Williamsburgh, AE",2021-04-08,"Fake Jobs for Your Web Scraping Journey Program possible natural same issue lawyer effort. Democratic entire analysis clear about pressure cell. Quite wife however TV law fund. Paper beat five movie. Eight miss couple bag thank generation. Economy rock feeling might his. Gas Republican and various authority leave right. True include management. Brother bank better she increase try. Location: Williamsburgh, AE Posted: 2021-04-08",https://realpython.github.io/fake-jobs/jobs/audiological-scientist-14.html,Design,Mid Level / Unspecified,63,431,0,0,0,0,0,0,0,0,0
English as a second language teacher,"Parker, Murphy and Brooks","Mitchellburgh, AE",2021-04-08,"Fake Jobs for Your Web Scraping Journey Various floor itself news experience. Smile represent since method left plant evening. Budget situation between. Eat expect save process score middle. Business population brother. Grow push region produce develop story drive. Location: Mitchellburgh, AE Posted: 2021-04-08",https://realpython.github.io/fake-jobs/jobs/english-as-a-second-language-teacher-15.html,Other,Mid Level / Unspecified,43,312,0,0,0,0,0,0,0,0,0
Surgeon,Cruz-Brown,"West Jessicabury, AA",2021-04-08,"Fake Jobs for Your Web Scraping Journey Happen play speech theory choice computer. Career deal trip market. Dog car do his part. Pick too blue street. Other majority final when new clear these. National region bad case I course first. Location: West Jessicabury, AA Posted: 2021-04-08",https://realpython.github.io/fake-jobs/jobs/surgeon-16.html,Other,Mid Level / Unspecified,46,284,0,0,0,0,0,0,0,0,0
Equities trader,Macdonald-Ferguson,"Maloneshire, AE",2021-04-08,"Fake Jobs for Your Web Scraping Journey Public figure ground much run character. Make article drop. Difficult president at. General professional career two. Itself group computer forget would section him. Location: Maloneshire, AE Posted: 2021-04-08",https://realpython.github.io/fake-jobs/jobs/equities-trader-17.html,Design,Mid Level / Unspecified,35,249,0,0,0,0,0,0,0,0,0
Newspaper journalist,"Williams, Peterson and Rojas","Johnsonton, AA",2021-04-08,"Fake Jobs for Your Web Scraping Journey May perform product. Bag down stock computer. What to sea. Collection bad until our per leader change. Location: Johnsonton, AA Posted: 2021-04-08",https://realpython.github.io/fake-jobs/jobs/newspaper-journalist-18.html,Other,Senior,29,186,0,0,0,0,0,0,0,0,0
Materials engineer,Smith and Sons,"South Davidtown, AP",2021-04-08,"Fake Jobs for Your Web Scraping Journey Leader medical class send. Establish manage hotel financial too nearly. Significant now energy. Lay return identify. Anything event yet effect quite reflect upon. Several might history strong economy. Not forget why under. Purpose mouth then class test check suffer star. Staff north weight guy personal follow situation over. Location: South Davidtown, AP Posted: 2021-04-08",https://realpython.github.io/fake-jobs/jobs/materials-engineer-19.html,Design,Senior,61,415,0,0,0,0,0,0,0,0,0
Python Programmer (Entry-Level),"Moss, Duncan and Allen","Port Sara, AE",2021-04-08,"Fake Jobs for Your Web Scraping Journey Java programs distributed teamwork Java developer talented developer. Teamwork growth opportunity programs remote. Communities agile Flask company CSS teamwork. Software Developer SCRUM oversea CSS Flask role job. Developer motivated environmentally friendly build oversea teamwork build. Growth Opportunity inclusive employ educational relocation company. Motivated growth opportunity growth opportunity dashboard. Location: Port Sara, AE Posted: 2021-04-08",https://realpython.github.io/fake-jobs/jobs/python-programmer-entry-level-20.html,Software Development,Entry Level,61,498,1,0,0,0,0,1,0,0,0
Product/process development scientist,Gomez-Carroll,"Marktown, AA",2021-04-08,"Fake Jobs for Your Web Scraping Journey Tell time special beyond could key assume. Play wait education think similar particular. Film manage several dark. Hit simple personal home they although. Location: Marktown, AA Posted: 2021-04-08",https://realpython.github.io/fake-jobs/jobs/product-process-development-scientist-21.html,Other,Mid Level / Unspecified,35,236,0,0,0,0,0,0,0,0,0
"Scientist, research (maths)","Manning, Welch and Herring","Laurenland, AE",2021-04-08,"Fake Jobs for Your Web Scraping Journey Bank ten guess. Course book music amount. Fire town worker. Image central challenge term memory. By care lose politics. Role mind statement. Location: Laurenland, AE Posted: 2021-04-08",https://realpython.github.io/fake-jobs/jobs/scientist-research-maths-22.html,Other,Mid Level / Unspecified,34,224,0,0,0,0,0,0,0,0,0
Ecologist,"Lee, Gutierrez and Brown","Lauraton, AP",2021-04-08,"Fake Jobs for Your Web Scraping Journey Son foreign remember site military. Your choice too need although one political. Time firm water. Possible lead draw learn city. Tree care sign arm bar military. Spend bag into. Now from her gun subject PM. First age safe affect. Location: Lauraton, AP Posted: 2021-04-08",https://realpython.github.io/fake-jobs/jobs/ecologist-23.html,Other,Senior,51,311,0,0,0,0,0,0,0,0,0
Materials engineer,"Davis, Serrano and Cook","South Tammyberg, AP",2021-04-08,"Fake Jobs for Your Web Scraping Journey Approach great top series public none. Include air sort couple hold group but. Again identify real to follow so. Live teach movie I situation understand agree. Location: South Tammyberg, AP Posted: 2021-04-08",https://realpython.github.io/fake-jobs/jobs/materials-engineer-24.html,Other,Mid Level / Unspecified,39,248,0,0,0,0,0,0,0,0,0
Historic buildings inspector/conservation officer,Smith LLC,"North Brandonville, AP",2021-04-08,"Fake Jobs for Your Web Scraping Journey Heavy church nature. Civil single city quite. Foreign agency when personal huge difficult player forget. Goal clear inside guy north. North add us accept hope soon. Location: North Brandonville, AP Posted: 2021-04-08",https://realpython.github.io/fake-jobs/jobs/historic-buildings-inspector-conservation-officer-25.html,Design,Mid Level / Unspecified,39,256,0,0,0,0,0,0,0,0,0
Data scientist,Thomas Group,"Port Robertfurt, AA",2021-04-08,"Fake Jobs for Your Web Scraping Journey Skin industry nothing rather represent two. Member mouth authority imagine probably whom. Time early high trouble drive loss. Attorney education every money my page single theory. American focus something who blood. Location: Port Robertfurt, AA Posted: 2021-04-08",https://realpython.github.io/fake-jobs/jobs/data-scientist-26.html,Data & Analytics,Mid Level / Unspecified,44,304,0,0,0,0,0,0,0,0,0
Psychiatrist,Silva-King,"Burnettbury, AE",2021-04-08,"Fake Jobs for Your Web Scraping Journey Claim future in opportunity you exist me. Generation pick she picture send cultural. Computer on fast play fact. Alone improve heart decade care book. Close issue huge away represent race. Nation network college debate direction moment. Ground think save respond friend budget while. Significant energy citizen physical why mouth. Treatment worker season figure. Get we memory who yet spend. Challenge on plant wonder. Blood single recently other owner message entire. Collection be along break gun reveal five put. Location: Burnettbury, AE Posted: 2021-04-08",https://realpython.github.io/fake-jobs/jobs/psychiatrist-27.html,Other,Mid Level / Unspecified,90,600,0,0,0,0,0,0,0,0,0
Structural engineer,Pierce-Long,"Herbertside, AA",2021-04-08,"Fake Jobs for Your Web Scraping Journey Tv collection still support these military part. Just raise enough onto try. Those north trouble upon. Popular if do them. Lose big strategy. Location: Herbertside, AA Posted: 2021-04-08",https://realpython.github.io/fake-jobs/jobs/structural-engineer-28.html,Other,Mid Level / Unspecified,35,226,0,0,0,0,0,0,0,0,0
Immigration officer,Walker-Simpson,"Christopherport, AP",2021-04-08,"Fake Jobs for Your Web Scraping Journey Lead while long not. News enter director book cell speech. Probably arm program only. According television next sense make. Use nice themselves gas. Rate drop marriage worker. Location: Christopherport, AP Posted: 2021-04-08",https://realpython.github.io/fake-jobs/jobs/immigration-officer-29.html,Other,Executive,39,264,0,0,0,0,0,0,0,0,0
Python Programmer (Entry-Level),Cooper and Sons,"West Victor, AE",2021-04-08,"Fake Jobs for Your Web Scraping Journey Asset fast-growing role agile support discussions. Agile explore detail-oriented willing to learn oversea fast-growing. Talented relocation environmentally friendly Flask oversea. Discussions CSS agile curious educational willing to learn. Location: West Victor, AE Posted: 2021-04-08",https://realpython.github.io/fake-jobs/jobs/python-programmer-entry-level-30.html,Software Development,Entry Level,41,324,1,0,0,0,0,0,0,0,0
Neurosurgeon,"Donovan, Gonzalez and Figueroa","Port Aaron, AP",2021-04-08,"Fake Jobs for Your Web Scraping Journey Left very your stock determine human find. Fire range begin first through. Star issue any side image. Customer force both something hair. Well account movement can start. Location: Port Aaron, AP Posted: 2021-04-08",https://realpython.github.io/fake-jobs/jobs/neurosurgeon-31.html,Other,Mid Level / Unspecified,40,254,0,0,0,0,0,0,0,0,0
Broadcast engineer,"Morgan, Butler and Bennett","Loribury, AA",2021-04-08,"Fake Jobs for Your Web Scraping Journey Unit dinner indeed listen. Job high she. West agreement girl happen front law care military. War resource evening realize per. Her of process cut. Matter nice really listen meeting language condition. Location: Loribury, AA Posted: 2021-04-08",https://realpython.github.io/fake-jobs/jobs/broadcast-engineer-32.html,Other,Mid Level / Unspecified,43,282,0,0,0,0,0,0,0,0,0
Make,Snyder-Lee,"Angelastad, AP",2021-04-08,"Fake Jobs for Your Web Scraping Journey Agency rich accept if share land. Drop local cell kid growth main. Why mission because feel. Piece but arrive garden free perform civil. Hope could many cold another way sign. Thought radio minute rich consumer type. Old charge read management production up our allow. Toward such new cultural analysis care kitchen. Difference range technology serious international position write those. Location: Angelastad, AP Posted: 2021-04-08",https://realpython.github.io/fake-jobs/jobs/make-33.html,Management & Operations,Entry Level,71,472,0,0,0,0,0,0,0,0,0
"Nurse, adult",Harris PLC,"Larrytown, AE",2021-04-08,"Fake Jobs for Your Web Scraping Journey Suffer life chair senior seem west. Week remain decide happy another image. Take one them in. Plant whether protect most trade. Herself Mr bad wide manage. Location: Larrytown, AE Posted: 2021-04-08",https://realpython.github.io/fake-jobs/jobs/nurse-adult-34.html,Healthcare,Senior,38,238,0,0,0,0,0,0,0,0,0
Air broker,Washington PLC,"West Colin, AP",2021-04-08,"Fake Jobs for Your Web Scraping Journey Happen letter body language there wonder him. Until direction opportunity very analysis firm once. As year look floor role agency its. Seven those budget involve. Picture enough break. Health sort couple station my. Middle add traditional standard PM election. General yet party individual. Edge bit avoid yourself. Location: West Colin, AP Posted: 2021-04-08",https://realpython.github.io/fake-jobs/jobs/air-broker-35.html,Healthcare,Mid Level / Unspecified,60,399,0,0,0,0,0,0,0,0,0
"Editor, film/video","Brown, Price and Campbell","West Stephanie, AP",2021-04-08,"Fake Jobs for Your Web Scraping Journey Cut recognize keep citizen result thus. System democratic stock worker everybody professor show. Produce foreign the site. Along particularly factor boy Republican without. Never ten become me story but order. You company drop join recognize all structure. Away wish finish within president. Any remain support realize cause. Location: West Stephanie, AP Posted: 2021-04-08",https://realpython.github.io/fake-jobs/jobs/editor-film-video-36.html,Other,Mid Level / Unspecified,60,413,0,0,0,0,0,0,0,0,0
"Production assistant, radio",Mcgee PLC,"Laurentown, AP",2021-04-08,"Fake Jobs for Your Web Scraping Journey Hear minute discuss space himself draw. Better consumer campaign join throw. Moment buy east example identify likely. Clearly thought modern dark. Determine feeling certainly necessary. Name Congress ten return understand. During nice thing ok. Location: Laurentown, AP Posted: 2021-04-08",https://realpython.github.io/fake-jobs/jobs/production-assistant-radio-37.html,Other,Mid Level / Unspecified,46,328,0,0,0,0,0,0,0,0,0
"Engineer, communications",Dixon Inc,"Wrightberg, AP",2021-04-08,"Fake Jobs for Your Web Scraping Journey Cold measure defense mouth manage camera. Mouth tonight throw action. Second late every include generation. Election baby seven only scientist teach. Location: Wrightberg, AP Posted: 2021-04-08",https://realpython.github.io/fake-jobs/jobs/engineer-communications-38.html,Other,Mid Level / Unspecified,33,233,0,0,0,0,0,0,0,0,0
Sales executive,"Thompson, Sheppard and Ward","Alberttown, AE",2021-04-08,"Fake Jobs for Your Web Scraping Journey Out goal group. Maybe read card look safe. Part fund feeling cause stand. Give point herself official receive may. Successful country describe method meeting space military. Sing media step live game item lay. Appear role why learn attention cut billion. Without wall stay describe time. Location: Alberttown, AE Posted: 2021-04-08",https://realpython.github.io/fake-jobs/jobs/sales-executive-39.html,Sales & Business,Executive,57,371,0,0,0,0,0,0,0,0,0
Software Developer (Python),Adams-Brewer,"Brockburgh, AE",2021-04-08,"Fake Jobs for Your Web Scraping Journey Asset include open-minded HTML fast-growing. Coordinate discussions grit discussions. Coordinate communities HTML. Support Java Java talented explore dashboard. Growth Opportunity educational collaborate job Flask explore talented talented. Dashboard distributed oversee environmentally friendly. Java Python asset SCRUM company employ web application web application. Location: Brockburgh, AE Posted: 2021-04-08",https://realpython.github.io/fake-jobs/jobs/software-developer-python-40.html,Software Development,Mid Level / Unspecified,54,452,1,0,0,0,0,1,0,0,0
Futures trader,Schneider-Brady,"North Jason, AE",2021-04-08,"Fake Jobs for Your Web Scraping Journey Part instead city type short rather. Once born control white. Rather beyond share energy size. Meeting movie avoid American address simply. Thousand impact six loss. Finish star be. Location: North Jason, AE Posted: 2021-04-08",https://realpython.github.io/fake-jobs/jobs/futures-trader-41.html,Other,Mid Level / Unspecified,41,266,0,0,0,0,0,0,0,0,0
Tour manager,Gonzales-Frank,"Arnoldhaven, AE",2021-04-08,"Fake Jobs for Your Web Scraping Journey Night reflect image throughout. Area student there certainly walk camera debate. Store office explain education. Range ten television model sing then. Choice cell seven care yet. According star study form seem beat. Effect forward magazine movie base. Location: Arnoldhaven, AE Posted: 2021-04-08",https://realpython.github.io/fake-jobs/jobs/tour-manager-42.html,Management & Operations,Mid Level / Unspecified,49,336,0,0,0,0,0,0,0,0,0
Cytogeneticist,Smith-Wong,"Lake Destiny, AP",2021-04-08,"Fake Jobs for Your Web Scraping Journey Finish these century alone popular break attention. North good program risk I. Season toward level generation since also. Sit hand society according off little. Itself people nation million born American. Always hand game magazine series think. Location: Lake Destiny, AP Posted: 2021-04-08",https://realpython.github.io/fake-jobs/jobs/cytogeneticist-43.html,Other,Mid Level / Unspecified,49,330,0,0,0,0,0,0,0,0,0
"Designer, multimedia",Pierce-Herrera,"South Timothyburgh, AP",2021-04-08,"Fake Jobs for Your Web Scraping Journey Moment young close history explain these low. Religious your outside. Particularly firm foreign involve. Century involve down herself drive effort drop onto. Walk draw front plan focus century. Location: South Timothyburgh, AP Posted: 2021-04-08",https://realpython.github.io/fake-jobs/jobs/designer-multimedia-44.html,Design,Mid Level / Unspecified,41,285,0,0,0,0,0,0,0,0,0
Trade union research officer,"Aguilar, Rivera and Quinn","New Jimmyton, AE",2021-04-08,"Fake Jobs for Your Web Scraping Journey Must toward family event. Government image room analysis what. Story suggest learn economy explain main sport summer. Approach trip throughout free civil entire. Just nature increase trouble heart watch bed. Yet so before wrong. Location: New Jimmyton, AE Posted: 2021-04-08",https://realpython.github.io/fake-jobs/jobs/trade-union-research-officer-45.html,Other,Mid Level / Unspecified,47,314,0,0,0,0,0,0,0,0,0
"Chemist, analytical","Lowe, Barnes and Thomas","New Lucasbury, AP",2021-04-08,"Fake Jobs for Your Web Scraping Journey Report sign office until particularly when. Everyone city contain week carry. Election small certainly pattern daughter. Together professional wind consider. Admit Mrs look call spring establish together record. Social say about century debate. Location: New Lucasbury, AP Posted: 2021-04-08",https://realpython.github.io/fake-jobs/jobs/chemist-analytical-46.html,Other,Mid Level / Unspecified,46,331,0,0,0,0,0,0,0,0,0
"Programmer, multimedia","Lewis, Gonzalez and Vasquez","Port Cory, AE",2021-04-08,"Fake Jobs for Your Web Scraping Journey Discuss power safe push country glass. Good open executive experience hotel. Heart west training believe. Resource truth leave institution. Crime social school enter wind heavy anything. Save himself call report must charge. Figure kitchen seven. Decision data wrong best I medical. See collection cut drive out image thought. Location: Port Cory, AE Posted: 2021-04-08",https://realpython.github.io/fake-jobs/jobs/programmer-multimedia-47.html,Software Development,Executive,61,409,0,0,0,0,0,0,0,0,0
"Engineer, broadcasting (operations)",Taylor PLC,"Gileston, AA",2021-04-08,"Fake Jobs for Your Web Scraping Journey Mind perform over ten tree pull likely. Owner ahead generation shoulder day popular window key. Radio stay century law before everybody power. Forget result professor research theory become. Step have perform because. Important they tax machine. Military plan school certainly. Focus raise away tough subject customer far. Prepare scene house central baby picture. Money store majority choice. Then investment scientist bring. Location: Gileston, AA Posted: 2021-04-08",https://realpython.github.io/fake-jobs/jobs/engineer-broadcasting-operations-48.html,Management & Operations,Mid Level / Unspecified,73,508,0,0,0,0,0,0,0,0,0
"Teacher, primary school","Oliver, Jones and Ramirez","Cindyshire, AA",2021-04-08,"Fake Jobs for Your Web Scraping Journey Positive better management minute air represent. Beat start say either none heavy down business. Way sister civil market value during difficult religious. Ten will summer specific. Location: Cindyshire, AA Posted: 2021-04-08",https://realpython.github.io/fake-jobs/jobs/teacher-primary-school-49.html,Management & Operations,Mid Level / Unspecified,38,264,0,0,0,0,0,0,0,0,0
Python Developer,Rivera and Sons,"East Michaelfort, AA",2021-04-08,"Fake Jobs for Your Web Scraping Journey Css role company. Oversea include distributed educational. Talented support curious CSS include. Collaborate oversee responsible tech employ distributed software developer company. Css talented company environmentally friendly SCRUM Flask. Include talented educational SCRUM relocation. Professional asset Django growth opportunity discussions dashboard discussions. Explore build software developer developer job willing to learn remote. Support responsible tech communities remote explore. Teamwork Java job oversee CSS. Talented Flask oversee CSS. Location: East Michaelfort, AA Posted: 2021-04-08",https://realpython.github.io/fake-jobs/jobs/python-developer-50.html,Software Development,Mid Level / Unspecified,79,640,1,0,0,0,0,1,0,0,0
Manufacturing systems engineer,Garcia PLC,"Joybury, AE",2021-04-08,"Fake Jobs for Your Web Scraping Journey Improve once worry newspaper laugh benefit. Teach hit lose hotel result instead push. Over feeling money newspaper question. Why ability fund. Laugh cup hear prove leave national. Hundred billion blue right fine boy sing. Location: Joybury, AE Posted: 2021-04-08",https://realpython.github.io/fake-jobs/jobs/manufacturing-systems-engineer-51.html,Other,Mid Level / Unspecified,46,302,0,0,0,0,0,0,0,0,0
"Producer, television/film/video","Johnson, Wells and Kramer","Emmatown, AE",2021-04-08,"Fake Jobs for Your Web Scraping Journey Let toward reason key. Agree her whether beyond bar shoulder decade. Director population measure student cost policy. Open wife owner. Get finish pick shake level. General simple cost develop left. Location: Emmatown, AE Posted: 2021-04-08",https://realpython.github.io/fake-jobs/jobs/producer-television-film-video-52.html,Other,Executive,42,279,0,0,0,0,0,0,0,0,0
"Scientist, forensic",Gonzalez LLC,"Colehaven, AP",2021-04-08,"Fake Jobs for Your Web Scraping Journey Staff week own necessary allow. Throughout society theory happy culture daughter. Yeah process rest really wait if everything. Into name response garden. Location: Colehaven, AP Posted: 2021-04-08",https://realpython.github.io/fake-jobs/jobs/scientist-forensic-53.html,Other,Mid Level / Unspecified,34,236,0,0,0,0,0,0,0,0,0
Bonds trader,"Morgan, White and Macdonald","Port Coryton, AE",2021-04-08,"Fake Jobs for Your Web Scraping Journey Get poor herself population. Executive will network physical play. Child push it why research wind yard. Return few natural fight stand one significant get. Keep kid assume dinner former heavy. Location: Port Coryton, AE Posted: 2021-04-08",https://realpython.github.io/fake-jobs/jobs/bonds-trader-54.html,Other,Executive,43,279,0,0,0,0,0,0,0,0,0
Editorial assistant,Robinson-Fitzpatrick,"Amyborough, AA",2021-04-08,"Fake Jobs for Your Web Scraping Journey Would truth join issue face key when. City citizen to. List run safe figure. Allow star forward leave art practice. Location: Amyborough, AA Posted: 2021-04-08",https://realpython.github.io/fake-jobs/jobs/editorial-assistant-55.html,Other,Mid Level / Unspecified,32,199,0,0,0,0,0,0,0,0,0
Photographer,"Waters, Wilson and Hoover","Reynoldsville, AA",2021-04-08,"Fake Jobs for Your Web Scraping Journey Some before according. Around almost amount themselves test. Power one after score career big remember. Location: Reynoldsville, AA Posted: 2021-04-08",https://realpython.github.io/fake-jobs/jobs/photographer-56.html,Other,Mid Level / Unspecified,27,190,0,0,0,0,0,0,0,0,0
Retail banker,Hill LLC,"Port Billy, AP",2021-04-08,"Fake Jobs for Your Web Scraping Journey Big talk role instead candidate phone when. Easy role yes to more food recognize. Hotel fill not before painting sure whom. Wall measure again ability election. Present carry break majority low. Location: Port Billy, AP Posted: 2021-04-08",https://realpython.github.io/fake-jobs/jobs/retail-banker-57.html,Other,Mid Level / Unspecified,44,278,0,0,0,0,0,0,0,0,0
Jewellery designer,Li-Gregory,"Adamburgh, AA",2021-04-08,"Fake Jobs for Your Web Scraping Journey Believe soldier certain edge couple break provide drug. Show whatever simple wrong newspaper allow. Discuss almost serious Mr sing city. Another wonder reveal yet possible. Similar entire pretty. Effect unit state plant. Market the particular available. Location: Adamburgh, AA Posted: 2021-04-08",https://realpython.github.io/fake-jobs/jobs/jewellery-designer-58.html,Design,Mid Level / Unspecified,48,336,0,0,0,0,0,0,0,0,0
Ophthalmologist,"Fisher, Ryan and Coleman","Wilsonmouth, AA",2021-04-08,"Fake Jobs for Your Web Scraping Journey Nature cup whom poor send through law national. Or which white get bring society industry. Look too reveal safe. Top his outside project us pass management serious. Child investment yourself still. Education red citizen notice feeling. Better child computer either. Location: Wilsonmouth, AA Posted: 2021-04-08",https://realpython.github.io/fake-jobs/jobs/ophthalmologist-59.html,Management & Operations,Mid Level / Unspecified,52,350,0,0,0,0,0,0,0,0,0
"Back-End Web Developer (Python, Django)",Stewart-Alexander,"South Kimberly, AA",2021-04-08,"Fake Jobs for Your Web Scraping Journey Explore professional teamwork software developer dashboard distributed. Css asset distributed curious inclusive CSS. Professional motivated remote. Oversea web application Flask HTML CSS web application Java. Employ explore support Flask collaborate developer explore growth opportunity. Location: South Kimberly, AA Posted: 2021-04-08",https://realpython.github.io/fake-jobs/jobs/back-end-web-developer-python-django-60.html,Software Development,Mid Level / Unspecified,47,375,1,0,0,0,0,1,0,0,0
Licensed conveyancer,Abbott and Sons,"Benjaminland, AP",2021-04-08,"Fake Jobs for Your Web Scraping Journey Simple guess member hour movement. Benefit thus mean certainly value create agree likely. Model cause letter career election few turn. Tree amount billion beyond quality fill final. Half side price little identify degree individual environment. It manage heavy investment day interest side. Author carry focus fact special. Early leave camera future despite child. Only know fish beautiful firm evening green. Both focus foreign four. Country power police. Location: Benjaminland, AP Posted: 2021-04-08",https://realpython.github.io/fake-jobs/jobs/licensed-conveyancer-61.html,Other,Mid Level / Unspecified,79,542,0,0,0,0,0,0,0,0,0
Futures trader,"Bryant, Santana and Davenport","Zacharyport, AA",2021-04-08,"Fake Jobs for Your Web Scraping Journey Her become less. Religious around both place. Parent behind bank oil describe section. Suddenly idea common laugh environment. Phone positive idea throughout concern class. Deep minute top group. Location: Zacharyport, AA Posted: 2021-04-08",https://realpython.github.io/fake-jobs/jobs/futures-trader-62.html,Other,Mid Level / Unspecified,40,280,0,0,0,0,0,0,0,0,0
Counselling psychologist,Smith PLC,"Port Devonville, AE",2021-04-08,"Fake Jobs for Your Web Scraping Journey Matter upon assume trouble. Its guess different follow current pay. Produce team operation point loss mean. Similar adult range true even. Nature street find community any morning more. None say heart information part full your yeah. Mind scene ago scene. Location: Port Devonville, AE Posted: 2021-04-08",https://realpython.github.io/fake-jobs/jobs/counselling-psychologist-63.html,Other,Mid Level / Unspecified,53,344,0,0,0,0,0,0,0,0,0
Insurance underwriter,Patterson-Singh,"East Thomas, AE",2021-04-08,"Fake Jobs for Your Web Scraping Journey Push serve rule thus. Western worry week people worker time. Hot always say notice though. Increase simple as. Use through first exactly. Since laugh model make speak. Thank kitchen move husband friend idea thus. Up add subject research sell. Location: East Thomas, AE Posted: 2021-04-08",https://realpython.github.io/fake-jobs/jobs/insurance-underwriter-64.html,Other,Mid Level / Unspecified,52,327,0,0,0,0,0,0,0,0,0
"Engineer, automotive",Martinez-Berry,"New Jeffrey, AP",2021-04-08,"Fake Jobs for Your Web Scraping Journey Me media onto continue machine. View its contain such approach although say. Smile reveal third option. None position hand benefit. Location: New Jeffrey, AP Posted: 2021-04-08",https://realpython.github.io/fake-jobs/jobs/engineer-automotive-65.html,Other,Mid Level / Unspecified,33,216,0,0,0,0,0,0,0,0,0
"Producer, radio","May, Taylor and Fisher","Davidside, AA",2021-04-08,"Fake Jobs for Your Web Scraping Journey Believe industry yeah see country. Concern reach every put. Knowledge report national senior. Activity country itself eat former into. Foreign loss manage each. General college bed everybody. According speech personal task same yourself front. Suddenly really social standard even exist identify. Speak lay born. Form parent majority know participant. Increase ago surface weight. Back ten mention laugh. Location: Davidside, AA Posted: 2021-04-08",https://realpython.github.io/fake-jobs/jobs/producer-radio-66.html,Other,Senior,69,487,0,0,0,0,0,0,0,0,0
Dispensing optician,"Bailey, Owen and Thompson","Jamesville, AA",2021-04-08,"Fake Jobs for Your Web Scraping Journey Drug dark wrong response. Agree tax form great education. See we find knowledge treatment development serious. Address star role yard son speech Democrat. Location: Jamesville, AA Posted: 2021-04-08",https://realpython.github.io/fake-jobs/jobs/dispensing-optician-67.html,Other,Mid Level / Unspecified,35,238,0,0,0,0,0,0,0,0,0
"Designer, fashion/clothing",Vasquez Ltd,"New Kelly, AP",2021-04-08,"Fake Jobs for Your Web Scraping Journey Represent performance cold if project. Statement unit in baby. Economic attack food laugh newspaper part better. Specific city paper part. Simply degree article available possible order. Location: New Kelly, AP Posted: 2021-04-08",https://realpython.github.io/fake-jobs/jobs/designer-fashion-clothing-68.html,Design,Mid Level / Unspecified,39,269,0,0,0,0,0,0,0,0,0
Chartered loss adjuster,Leblanc LLC,"Lake Antonio, AA",2021-04-08,"Fake Jobs for Your Web Scraping Journey Suffer space a would free finally. Society oil activity include audience white step. Star feel chance although address politics. Across do issue let spend compare. Lawyer attack simply protect something camera himself. Safe prepare blue tend. If executive success ago five information. Location: Lake Antonio, AA Posted: 2021-04-08",https://realpython.github.io/fake-jobs/jobs/chartered-loss-adjuster-69.html,Other,Executive,55,371,0,0,0,0,0,0,0,0,0
"Back-End Web Developer (Python, Django)","Jackson, Ali and Mckee","New Elizabethside, AA",2021-04-08,"Fake Jobs for Your Web Scraping Journey Detail-Oriented support Django. Build support support agile. Oversee SCRUM role coordinate distributed Python. Inclusive willing to learn build inclusive environmentally friendly developer. Discussions distributed remote build Flask growth opportunity. Environmentally Friendly talented software developer collaborate remote collaborate. Programs developer developer professional. Role asset company growth opportunity. Programs communities employ relocation. Software Developer CSS motivated. Discussions fast-growing discussions employ coordinate. Oversee curious detail-oriented dashboard detail-oriented. Company grit oversea support. Collaborate company support grit willing to learn company. Location: New Elizabethside, AA Posted: 2021-04-08",https://realpython.github.io/fake-jobs/jobs/back-end-web-developer-python-django-70.html,Software Development,Mid Level / Unspecified,89,788,1,0,0,0,0,0,0,0,0
Forest/woodland manager,"Blankenship, Knight and Powell","Millsbury, AE",2021-04-08,"Fake Jobs for Your Web Scraping Journey Feel beat why matter instead need conference. Expert suggest school far. Tonight east trouble two oil drive local. Group environmental foreign threat billion. Less physical media artist. Husband lot start find cell animal ready. Less concern several than. Factor blue walk water while. Location: Millsbury, AE Posted: 2021-04-08",https://realpython.github.io/fake-jobs/jobs/forest-woodland-manager-71.html,Management & Operations,Mid Level / Unspecified,55,368,0,0,0,0,0,0,0,0,0
Clinical cytogeneticist,"Patton, Haynes and Jones","Lloydton, AP",2021-04-08,"Fake Jobs for Your Web Scraping Journey Painting fast magazine east since use out. Will consider probably against. Bill fire through bill. Wide billion raise mission recently value expert. Bed among understand else represent detail open future. Location: Lloydton, AP Posted: 2021-04-08",https://realpython.github.io/fake-jobs/jobs/clinical-cytogeneticist-72.html,Other,Mid Level / Unspecified,42,286,0,0,0,0,0,0,0,0,0
Print production planner,Wood Inc,"Port Jeremy, AA",2021-04-08,"Fake Jobs for Your Web Scraping Journey Effect adult run point spring room. Travel responsibility cut hour pick Mrs. Soldier against take budget agency century. Anything trial factor culture. Drug north shake property fish plan. Expert assume every walk degree rise laugh citizen. Coach yard treat. Location: Port Jeremy, AA Posted: 2021-04-08",https://realpython.github.io/fake-jobs/jobs/print-production-planner-73.html,Other,Mid Level / Unspecified,52,343,0,0,0,0,0,0,0,0,0
Systems developer,Collins Group,"New Elizabethtown, AA",2021-04-08,"Fake Jobs for Your Web Scraping Journey Finish pressure recognize would pattern still simply. Candidate defense discussion cell among. Before study sound its practice how save. Personal which reflect decision particular network pull. Miss anyone number easy hotel news film building. Of wind white message laugh billion. Staff follow baby job game according board whole. Strategy black cultural pull above us. Location: New Elizabethtown, AA Posted: 2021-04-08",https://realpython.github.io/fake-jobs/jobs/systems-developer-74.html,Software Development,Mid Level / Unspecified,67,460,0,0,0,0,0,0,0,0,0
Graphic designer,Flores-Nelson,"Charlesstad, AE",2021-04-08,"Fake Jobs for Your Web Scraping Journey Six enough war husband land. Fill address teach simply wait similar blood. Child lead sport everything. Report necessary lawyer else behind. Need simply growth television. Arm prove community expect live music. Location: Charlesstad, AE Posted: 2021-04-08",https://realpython.github.io/fake-jobs/jobs/graphic-designer-75.html,Design,Senior,43,295,0,0,0,0,0,0,0,0,0
Writer,"Mitchell, Jones and Olson","Josephbury, AE",2021-04-08,"Fake Jobs for Your Web Scraping Journey Together far enough ability citizen girl. Box political herself society position. Structure foot question learn economic recent let receive. No enough case action institution produce. Location: Josephbury, AE Posted: 2021-04-08",https://realpython.github.io/fake-jobs/jobs/writer-76.html,Other,Mid Level / Unspecified,37,267,0,0,0,0,0,0,0,0,0
Field seismologist,Howard Group,"Seanfurt, AA",2021-04-08,"Fake Jobs for Your Web Scraping Journey Religious question him amount will data school. During star much fine sometimes drive manage. Item land commercial guess push support save. Ever hospital arrive third quite beyond you out. Close among move class often bad character. Imagine affect explain single. Down try happen. Garden worry put he ask could. Edge change structure control career state six. Five old personal benefit. Location: Seanfurt, AA Posted: 2021-04-08",https://realpython.github.io/fake-jobs/jobs/field-seismologist-77.html,Design,Mid Level / Unspecified,72,468,0,0,0,0,0,0,0,0,0
Chief Strategy Officer,Kramer-Edwards,"Williambury, AA",2021-04-08,"Fake Jobs for Your Web Scraping Journey Else social from side. Someone environmental production standard increase deal. Old yeah interview somebody. She half air important truth. Subject you face ready. Able report director pass machine want. Interesting idea if finally cold store business performance. Offer hope responsibility eight. Location: Williambury, AA Posted: 2021-04-08",https://realpython.github.io/fake-jobs/jobs/chief-strategy-officer-78.html,Other,Executive,53,381,0,0,0,0,0,0,0,0,0
Air cabin crew,Berry-Houston,"South Jorgeside, AP",2021-04-08,"Fake Jobs for Your Web Scraping Journey Even health television perhaps. Travel determine someone hit team. Soon current by write north product well. Guess them purpose partner son air out. General something face material however you. Some left us dark consumer. Also traditional score dark factor tell billion. Clear senior film clearly decide. Or city bit your education expert control. Location: South Jorgeside, AP Posted: 2021-04-08",https://realpython.github.io/fake-jobs/jobs/air-cabin-crew-79.html,Healthcare,Senior,66,436,0,0,0,0,0,0,0,0,0
Python Programmer (Entry-Level),Mathews Inc,"Robertborough, AP",2021-04-08,"Fake Jobs for Your Web Scraping Journey Asset teamwork open-minded professional. Explore inclusive responsible tech coordinate collaborate distributed. Coordinate responsible tech fast-growing programs. Professional willing to learn open-minded open-minded. Open-Minded software developer asset detail-oriented inclusive remote. Curious build support talented. Role responsible tech no experience professional oversea responsible tech. Grit willing to learn support curious environmentally friendly employ role. Environmentally Friendly HTML Java educational remote. Location: Robertborough, AP Posted: 2021-04-08",https://realpython.github.io/fake-jobs/jobs/python-programmer-entry-level-80.html,Software Development,Entry Level,70,613,1,0,0,0,0,1,0,0,0
Warden/ranger,Riley-Johnson,"South Saratown, AP",2021-04-08,"Fake Jobs for Your Web Scraping Journey Young meeting material deep anything town. Enter political site beyond. Boy executive year drive small smile. Benefit lose trade different. Case research approach live necessary. Than design staff forward respond bill. Dark power energy look source protect owner. Identify involve hospital capital others majority something. Tough radio not account land why thought how. Location: South Saratown, AP Posted: 2021-04-08",https://realpython.github.io/fake-jobs/jobs/warden-ranger-81.html,Design,Executive,66,458,0,0,0,0,0,0,0,0,0
Sports therapist,Spencer and Sons,"Hullview, AA",2021-04-08,"Fake Jobs for Your Web Scraping Journey Apply western feeling. Popular too high inside somebody analysis. And give source share budget ready. Theory moment better. Senior alone option in evidence board business. Location: Hullview, AA Posted: 2021-04-08",https://realpython.github.io/fake-jobs/jobs/sports-therapist-82.html,Other,Senior,37,253,0,0,0,0,0,0,0,0,0
Arts development officer,Camacho-Sanchez,"Philipland, AP",2021-04-08,"Fake Jobs for Your Web Scraping Journey Maintain avoid direction hour various leader east. Choice their make eight. Near need recently hospital red. Speak answer fill on program others sort. Significant than discuss ask team maybe. Under white field television its factor. Focus floor subject debate believe federal. Drug wall clearly defense. Location: Philipland, AP Posted: 2021-04-08",https://realpython.github.io/fake-jobs/jobs/arts-development-officer-83.html,Other,Senior,57,387,0,0,0,0,0,0,0,0,0
Printmaker,Oliver and Sons,"North Patty, AE",2021-04-08,"Fake Jobs for Your Web Scraping Journey Police space specific enter. Hotel agent clear art international time. American under product occur add beat. Which worry door tonight. Interesting measure value two east avoid. Location: North Patty, AE Posted: 2021-04-08",https://realpython.github.io/fake-jobs/jobs/printmaker-84.html,Other,Entry Level,39,262,0,0,0,0,0,0,0,0,0
Health and safety adviser,Eaton PLC,"North Stephen, AE",2021-04-08,"Fake Jobs for Your Web Scraping Journey After level pattern side collection cold team. Human before tell ago question left meeting. Would arrive teacher where close. Piece team middle model pick. Type focus discuss our five purpose everything. Location: North Stephen, AE Posted: 2021-04-08",https://realpython.github.io/fake-jobs/jobs/health-and-safety-adviser-85.html,Healthcare,Mid Level / Unspecified,44,290,0,0,0,0,0,0,0,0,0
Manufacturing systems engineer,Stanley-Frederick,"Stevensland, AP",2021-04-08,"Fake Jobs for Your Web Scraping Journey Tough also money system involve require. Feel wear official area agency. Speech lawyer west particularly everything former. Woman at kid box run would. Full describe economy goal. Effect themselves action sound use walk. Location: Stevensland, AP Posted: 2021-04-08",https://realpython.github.io/fake-jobs/jobs/manufacturing-systems-engineer-86.html,Design,Mid Level / Unspecified,45,305,0,0,0,0,0,0,0,0,0
"Programmer, applications",Bradley LLC,"Reyesstad, AE",2021-04-08,"Fake Jobs for Your Web Scraping Journey High continue test when. International executive base play kitchen try. Country program prove very street know rich medical. Network alone culture exist. Enter message reason expect capital. Person strategy large about into. Reality action coach billion industry themselves especially. Matter not rich foreign professor will. Everything writer mean series nothing nothing. Six day claim contain discuss bad discussion. Institution seek certainly explain space final. Location: Reyesstad, AE Posted: 2021-04-08",https://realpython.github.io/fake-jobs/jobs/programmer-applications-87.html,Software Development,Executive,76,549,0,0,0,0,0,0,0,0,0
Medical physicist,"Parker, Goodwin and Zavala","Bellberg, AP",2021-04-08,"Fake Jobs for Your Web Scraping Journey Ok some group leave course eye between able. Itself customer daughter start quality if list claim. Modern available include. Well condition not who future people. Quality information citizen without Mrs such job. Ability wide attention fact level never view people. Location: Bellberg, AP Posted: 2021-04-08",https://realpython.github.io/fake-jobs/jobs/medical-physicist-88.html,Healthcare,Mid Level / Unspecified,52,347,0,0,0,0,0,0,0,0,0
Media planner,Kim-Miles,"North Johnland, AE",2021-04-08,"Fake Jobs for Your Web Scraping Journey Possible decide career professor experience. Concern above next role. Wear southern lot consider stay throughout itself. Location: North Johnland, AE Posted: 2021-04-08",https://realpython.github.io/fake-jobs/jobs/media-planner-89.html,Other,Mid Level / Unspecified,29,208,0,0,0,0,0,0,0,0,0
Software Developer (Python),Moreno-Rodriguez,"Martinezburgh, AE",2021-04-08,"Fake Jobs for Your Web Scraping Journey Support communities job web application Python job teamwork Flask. Responsible Tech collaborate talented educational. Python Django oversee. Python talented Python Python. Teamwork remote discussions discussions dashboard. Build no experience HTML growth opportunity. Detail-Oriented motivated responsible tech growth opportunity support. Asset software developer developer oversea curious distributed distributed. Location: Martinezburgh, AE Posted: 2021-04-08",https://realpython.github.io/fake-jobs/jobs/software-developer-python-90.html,Software Development,Mid Level / Unspecified,59,501,1,0,0,0,0,0,0,0,0
"Surveyor, land/geomatics",Brown-Ortiz,"Joshuatown, AE",2021-04-08,"Fake Jobs for Your Web Scraping Journey Evening process of run firm sell area. Against some foreign. Same wall wife before eight arm seven interest. Even side over role score. Name have TV environment. Location: Joshuatown, AE Posted: 2021-04-08",https://realpython.github.io/fake-jobs/jobs/surveyor-land-geomatics-91.html,Other,Mid Level / Unspecified,39,245,0,0,0,0,0,0,0,0,0
Legal executive,Hartman PLC,"West Ericstad, AA",2021-04-08,"Fake Jobs for Your Web Scraping Journey Away girl produce class PM. Style become what may simple. Personal Democrat or cut. Measure trial whose thus goal test finish. Peace the agency to sell positive blood home. Dream surface health heart hold nice. Report reason country debate son. Consumer any space what practice. Location: West Ericstad, AA Posted: 2021-04-08",https://realpython.github.io/fake-jobs/jobs/legal-executive-92.html,Healthcare,Executive,58,365,0,0,0,0,0,0,0,0,0
"Librarian, academic",Brooks Inc,"Tuckertown, AE",2021-04-08,"Fake Jobs for Your Web Scraping Journey Whose into color later case. Cause music picture first air thousand certain. For data Republican face past behind. Their window them particularly admit live. Away debate positive somebody our. He father evidence question fund arrive. Improve run its near. Process little Mr population. Location: Tuckertown, AE Posted: 2021-04-08",https://realpython.github.io/fake-jobs/jobs/librarian-academic-93.html,Other,Mid Level / Unspecified,55,369,0,0,0,0,0,0,0,0,0
Barrister,Washington-Castillo,"Perezton, AE",2021-04-08,"Fake Jobs for Your Web Scraping Journey Between camera live note fight hit. All describe coach concern worker laugh action. Us likely machine. Stuff seem spend full particular. Set offer present pretty. Location: Perezton, AE Posted: 2021-04-08",https://realpython.github.io/fake-jobs/jobs/barrister-94.html,Other,Mid Level / Unspecified,37,244,0,0,0,0,0,0,0,0,0
Museum/gallery exhibitions officer,"Nguyen, Yoder and Petty","Lake Abigail, AE",2021-04-08,"Fake Jobs for Your Web Scraping Journey Paper age physical current note. There reality size move red join. Trouble you eight describe pattern hard however sign. Space majority bit instead smile happen. Green wife in end decade leader. Begin actually team industry only. Various picture rule poor information. Admit play avoid few. Day dog receive wife. Location: Lake Abigail, AE Posted: 2021-04-08",https://realpython.github.io/fake-jobs/jobs/museum-gallery-exhibitions-officer-95.html,Other,Senior,62,398,0,0,0,0,0,0,0,0,0
"Radiographer, diagnostic",Holder LLC,"Jacobshire, AP",2021-04-08,"Fake Jobs for Your Web Scraping Journey Able such right culture. Wrong pick structure wrong figure continue food. Glass loss increase organization decide. Present spend make garden social man. Any manager political keep attack behavior security movement. Perhaps such those position wrong. Quickly wind include allow must point. Similar age option war partner determine. Wide method movie painting. Rate measure brother approach five. Later role change. Adult prepare son particular economy evening same trouble. Family east within walk school. Location: Jacobshire, AP Posted: 2021-04-08",https://realpython.github.io/fake-jobs/jobs/radiographer-diagnostic-96.html,Design,Mid Level / Unspecified,84,588,0,0,0,0,0,0,0,0,0
Database administrator,Yates-Ferguson,"Port Susan, AE",2021-04-08,"Fake Jobs for Your Web Scraping Journey Create day party decade high clear. Past trade believe worry film. Approach beautiful late. Manage every quality he under. Town foot hotel brother. Perform particular only his. Location: Port Susan, AE Posted: 2021-04-08",https://realpython.github.io/fake-jobs/jobs/database-administrator-97.html,Other,Mid Level / Unspecified,40,260,0,0,0,0,0,0,0,0,0
Furniture designer,Ortega-Lawrence,"North Tiffany, AA",2021-04-08,"Fake Jobs for Your Web Scraping Journey Pressure under rock next week. Recognize so relationship risk. Similar myself improve. Location: North Tiffany, AA Posted: 2021-04-08",https://realpython.github.io/fake-jobs/jobs/furniture-designer-98.html,Design,Mid Level / Unspecified,25,173,0,0,0,0,0,0,0,0,0
Ship broker,"Fuentes, Walls and Castro","Michelleville, AP",2021-04-08,"Fake Jobs for Your Web Scraping Journey Management common popular project only. Must small hair strong reveal future girl. Mother anything western Congress. You thought PM charge or put upon. Least building military seem. Glass type structure so magazine worker. Message become of Republican life field game look. Location: Michelleville, AP Posted: 2021-04-08",https://realpython.github.io/fake-jobs/jobs/ship-broker-99.html,Design,Mid Level / Unspecified,53,360,0,0,0,0,0,0,0,0,0
